NN,NP,NP,PP,NP,PP,NP,VP,PP,NP,NN,,,,,,,,,,
NN,NP,S,VP,VP,VP,PP,NP,NN,,,,,,,,,,,,
NN,NP,NP,S,VP,NP,NN,,,,,,,,,,,,,,
NN,NP,S,VP,NP,PP,NP,PP,NP,NP,NN,,,,,,,,,,
NNS,NP,VP,PP,NP,NP,NN,,,,,,,,,,,,,,
NN,NP,S,VP,NP,PP,NP,PP,NP,NN,,,,,,,,,,,
NNS,NP,NP,SBAR,S,VP,VP,SBAR,S,NP,NN,,,,,,,,,,
NNS,NP,S,VP,VP,PP,PP,NP,NN,,,,,,,,,,,,
NN,NP,PP,NP,S,VP,VP,PP,NP,NN,,,,,,,,,,,
NN,NP,NP,PP,NP,NN,,,,,,,,,,,,,,,
NN,NP,S,VP,PP,NP,NP,NN,,,,,,,,,,,,,
NNS,NP,NP,PP,NP,NP,NNS,,,,,,,,,,,,,,
NN,NP,S,VP,NP,VP,PP,NP,NN,,,,,,,,,,,,
NN,NP,NP,S,VP,VP,PP,NP,NN,,,,,,,,,,,,
NN,NP,NP,VP,PP,NP,NNS,,,,,,,,,,,,,,
NN,NP,NP,VP,PP,NP,NN,,,,,,,,,,,,,,
NN,NP,S,VP,ADJP,PP,NP,NP,NN,,,,,,,,,,,,
NN,NP,S,VP,NP,NP,NN,,,,,,,,,,,,,,
NN,NP,PP,NP,S,VP,PP,NP,NP,NN,,,,,,,,,,,
NN,NP,NP,VP,PP,NP,NNS,,,,,,,,,,,,,,
NN,NP,NP,VP,PP,NP,NN,,,,,,,,,,,,,,
VBG,NP,NP,NP,VP,PP,NP,NP,NN,,,,,,,,,,,,
NN,NP,S,VP,VP,PP,NP,NP,NN,,,,,,,,,,,,
NN,NP,S,VP,SBAR,S,NP,VP,PP,NP,NN,,,,,,,,,,
NNS,NP,PP,NP,NP,PP,NP,S,VP,VP,PP,NP,NP,NNS,,,,,,,
NN,NP,NP,S,VP,NP,NN,,,,,,,,,,,,,,
NNS,NP,NP,S,VP,VP,NP,NNS,,,,,,,,,,,,,
NN,NP,NP,S,VP,PP,NP,NP,NN,,,,,,,,,,,,
NN,NP,NP,PP,NP,NN,,,,,,,,,,,,,,,
NN,NP,S,VP,PP,NP,SBAR,S,VP,PP,NP,NNS,,,,,,,,,
NN,NP,S,VP,NP,PP,NP,NP,NN,,,,,,,,,,,,
NN,NP,S,VP,VP,VP,PP,NP,NP,NP,NN,,,,,,,,,,
NN,NP,PP,VP,PP,NP,NP,NN,,,,,,,,,,,,,
NN,NP,NP,VP,PP,NP,NN,,,,,,,,,,,,,,
NN,NP,NP,PP,NP,NN,,,,,,,,,,,,,,,
NN,NP,NP,VP,PP,NP,NN,,,,,,,,,,,,,,
NN,NP,S,VP,NP,NN,,,,,,,,,,,,,,,
NN,NP,NP,VP,PP,NP,NN,,,,,,,,,,,,,,
NNS,NP,NP,S,VP,VP,PP,PP,NP,NP,NN,,,,,,,,,,
NNS,NP,S,VP,VP,PP,NP,NP,NN,,,,,,,,,,,,
NN,NP,S,VP,VP,NP,NN,,,,,,,,,,,,,,
NN,NP,NP,PP,NP,NN,,,,,,,,,,,,,,,
NNP,NP,S,VP,PP,PP,NP,PP,NP,NN,,,,,,,,,,,
NN,NP,NP,PP,NP,NP,NN,,,,,,,,,,,,,,
NN,NP,S,VP,NP,NP,NNS,,,,,,,,,,,,,,
NN,NP,NP,PP,NP,NN,,,,,,,,,,,,,,,
NN,NP,NP,PP,NP,PP,NP,VP,PP,NP,NN,,,,,,,,,,
NN,NP,NP,S,VP,VP,NP,NN,,,,,,,,,,,,,
NN,NP,NP,S,VP,PP,NP,NN,,,,,,,,,,,,,
NN,NP,NP,VP,PP,NP,NN,,,,,,,,,,,,,,
NN,NP,NP,PP,NP,NP,NN,,,,,,,,,,,,,,
NNS,NP,S,VP,VP,PP,NP,NP,NNS,,,,,,,,,,,,
NN,NP,S,VP,NP,NNS,,,,,,,,,,,,,,,
NNS,NP,PP,NP,S,VP,VP,PP,NP,NNS,,,,,,,,,,,
NN,NP,S,VP,PP,NP,NP,NN,,,,,,,,,,,,,
NN,NP,NP,VP,PP,NP,SBAR,S,VP,VBP,,,,,,,,,,,
NN,NP,NP,VP,PP,NP,NN,,,,,,,,,,,,,,
NN,NP,S,VP,NP,NN,,,,,,,,,,,,,,,
NN,NP,S,VP,PP,NP,NP,NNS,,,,,,,,,,,,,
NNS,NP,S,VP,NP,NNS,,,,,,,,,,,,,,,
NN,NP,VP,PP,NP,SBAR,S,VP,VP,VP,PP,NP,NN,,,,,,,,
NN,NP,NP,SBAR,S,VP,VP,VP,PP,NP,NN,,,,,,,,,,
NN,NP,PP,VP,PP,NP,NP,NN,,,,,,,,,,,,,
NN,NP,NP,VP,PP,NP,NP,NN,,,,,,,,,,,,,
NNP,NP,S,VP,NP,PP,NP,PP,NP,NN,,,,,,,,,,,
NN,NP,NP,SBAR,S,VP,VP,VP,PP,NP,NN,,,,,,,,,,
NN,NP,NP,NP,PP,NP,NP,NN,,,,,,,,,,,,,
NN,NP,S,VP,VP,PP,NP,NN,,,,,,,,,,,,,
NN,NP,NN,,,,,,,,,,,,,,,,,,
NN,NP,S,VP,NP,NN,,,,,,,,,,,,,,,
NN,NP,NP,S,VP,NP,NN,,,,,,,,,,,,,,
NNS,NP,NP,SBAR,S,VP,NP,NN,,,,,,,,,,,,,
NNS,NP,NP,S,VP,NP,NN,,,,,,,,,,,,,,
NN,NP,S,VP,NP,NNS,,,,,,,,,,,,,,,
NN,NP,NP,SBAR,S,VP,VP,VP,PP,NP,NP,NN,,,,,,,,,
NN,NP,NP,PP,NP,VP,PP,NP,PP,NP,NNS,,,,,,,,,,
NNS,NP,S,VP,NP,NN,,,,,,,,,,,,,,,
NN,NP,PP,NP,VP,PP,NP,NP,NN,,,,,,,,,,,,
NN,NP,NN,,,,,,,,,,,,,,,,,,
NN,NP,S,VP,NP,PP,NP,PP,NP,NN,,,,,,,,,,,
NN,NP,S,VP,NP,PP,NP,NN,,,,,,,,,,,,,
NN,NP,S,VP,PP,NP,NP,NNS,,,,,,,,,,,,,
NN,NP,VP,PP,NP,NP,NN,,,,,,,,,,,,,,
NN,NP,S,VP,PP,NP,NN,,,,,,,,,,,,,,
NN,NP,S,VP,NP,NN,,,,,,,,,,,,,,,
NN,NP,S,VP,NP,NP,NN,,,,,,,,,,,,,,
NNS,NP,PP,NP,RRC,NP,PP,S,VP,VP,VP,PP,NP,NN,,,,,,,
NN,NP,S,VP,NP,NP,NN,,,,,,,,,,,,,,
NN,NP,PP,ADJP,NP,S,VP,NP,NN,,,,,,,,,,,,
NN,NP,NP,VP,PP,NP,NN,,,,,,,,,,,,,,
NN,NP,NP,S,VP,VP,VP,PP,NP,NNS,,,,,,,,,,,
NN,NP,NP,PP,NP,NN,,,,,,,,,,,,,,,
NN,NP,NP,VP,PP,NP,NN,,,,,,,,,,,,,,
NN,NP,NP,VP,PP,NP,NP,NN,,,,,,,,,,,,,
NN,NP,S,VP,NP,PP,NP,PP,NP,NN,,,,,,,,,,,
NN,NP,NP,VP,PP,NP,NP,NN,,,,,,,,,,,,,
NN,NP,S,VP,NP,NP,NN,,,,,,,,,,,,,,
NNS,NP,NP,S,VP,VP,PP,NP,NN,,,,,,,,,,,,
NN,NP,VP,PP,NP,NN,,,,,,,,,,,,,,,
NN,NP,S,VP,NP,NN,,,,,,,,,,,,,,,
NN,NP,S,VP,PP,NP,NP,NN,,,,,,,,,,,,,
NNS,NP,S,VP,NP,SBAR,S,VP,VP,PP,S,VP,NP,NN,,,,,,,
NN,NP,S,VP,VP,PP,NP,NP,NNS,,,,,,,,,,,,
NN,NP,NP,VP,PP,NP,NN,,,,,,,,,,,,,,
NNS,NP,NP,S,VP,VP,PP,NP,NP,NN,,,,,,,,,,,
NN,NP,NP,S,VP,SBAR,S,VP,VBZ,,,,,,,,,,,,
JJ,NP,S,VP,VP,PP,NP,NP,NNS,,,,,,,,,,,,
NNS,NP,PP,NP,PP,NP,SBAR,S,VP,PP,NP,NNS,,,,,,,,,
NN,NP,S,VP,NP,NN,,,,,,,,,,,,,,,
NN,NP,PP,NP,S,VP,VP,PP,NP,NP,NNS,,,,,,,,,,
NN,NP,S,VP,VP,VP,PP,NP,NN,,,,,,,,,,,,
NN,NP,S,VP,VP,PP,NP,NP,NN,,,,,,,,,,,,
NN,NP,NP,VP,PP,NP,NN,,,,,,,,,,,,,,
NN,NP,VP,PP,NP,NN,,,,,,,,,,,,,,,
NN,NP,NP,VP,PP,NP,NNS,,,,,,,,,,,,,,
NN,NP,NP,SBAR,S,VP,VP,VP,PP,NP,NP,NN,,,,,,,,,
NN,NP,S,VP,NP,PP,NP,PP,NP,NP,NN,,,,,,,,,,
NNS,NP,NP,VP,NP,NNS,,,,,,,,,,,,,,,
NN,NP,S,VP,VP,VP,PP,NP,NN,,,,,,,,,,,,
NN,NP,FRAG,SBAR,S,VP,VP,PP,NP,NP,NNS,,,,,,,,,,
NN,NP,S,VP,VP,NP,NN,,,,,,,,,,,,,,
NNS,NP,S,VP,NP,NP,NN,,,,,,,,,,,,,,
NN,NP,S,VP,VP,PP,NP,NP,NN,,,,,,,,,,,,
NN,NP,S,VP,PP,NP,NP,NN,,,,,,,,,,,,,
NN,NP,PP,NP,VP,PP,NP,NP,NN,,,,,,,,,,,,
NN,NP,S,VP,PP,NP,NP,NNS,,,,,,,,,,,,,
NN,NP,S,VP,VP,PP,NP,PP,NP,NN,,,,,,,,,,,
NN,NP,NP,VP,PP,NP,NP,NN,,,,,,,,,,,,,
VBZ,VP,S,S,S,VP,VP,PP,NP,NP,NN,,,,,,,,,,
NN,NP,NP,VP,PP,NP,NN,,,,,,,,,,,,,,
NNS,NP,S,VP,VP,PP,NP,PP,NP,NP,NNS,,,,,,,,,,
NN,NP,NP,VP,PP,NP,NP,NN,,,,,,,,,,,,,
NN,NP,S,VP,PP,NP,NN,,,,,,,,,,,,,,
NN,NP,NP,S,VP,VP,PP,NP,NP,NN,,,,,,,,,,,
NNS,NP,NP,NP,NP,SBAR,S,VP,PP,NP,NN,,,,,,,,,,
NN,NP,NP,VP,PP,NP,NN,,,,,,,,,,,,,,
NN,NP,PP,NP,PP,NP,PP,NP,S,VP,SBAR,S,VP,PP,NP,NN,,,,,
NN,NP,NP,PP,NP,NN,,,,,,,,,,,,,,,
NNS,NP,PP,NP,SBAR,S,VP,NP,NN,,,,,,,,,,,,
NNS,NP,S,VP,VP,PP,NP,NP,NNS,,,,,,,,,,,,
NNS,NP,S,VP,VP,NP,NP,NN,,,,,,,,,,,,,
NNP,NP,NP,S,VP,NP,NP,NN,,,,,,,,,,,,,
NN,NP,NP,VP,PP,NP,NNS,,,,,,,,,,,,,,
NN,NP,NN,,,,,,,,,,,,,,,,,,
NN,NP,S,ADJP,PP,NP,NN,,,,,,,,,,,,,,
NN,NP,PP,NP,S,VP,PP,NP,NP,NN,,,,,,,,,,,
NN,NP,NP,S,VP,VP,VP,PP,PP,NP,NN,,,,,,,,,,
NN,NP,S,VP,NP,NNS,,,,,,,,,,,,,,,
NN,NP,S,VP,VP,PP,NP,NP,NN,,,,,,,,,,,,
NN,NP,NP,SBAR,S,VP,VP,VP,PP,NP,NP,NNS,,,,,,,,,
NN,NP,NP,VP,PP,NP,NN,,,,,,,,,,,,,,
NNS,NP,NP,S,VP,VP,PP,NP,NP,NP,NN,,,,,,,,,,
NN,NP,S,VP,NP,NP,NN,,,,,,,,,,,,,,
NN,NP,S,VP,NP,NP,NN,,,,,,,,,,,,,,
NN,NP,S,VP,PP,NP,PP,NP,NNS,,,,,,,,,,,,
NN,NP,ADVP,VP,NP,NP,NN,,,,,,,,,,,,,,
NN,NP,NP,S,VP,NP,NNS,,,,,,,,,,,,,,
NN,NP,S,VP,ADJP,PP,S,VP,NP,NN,,,,,,,,,,,
NN,NP,NP,PP,NP,PP,NP,PP,SINV,NP,NP,NP,NN,,,,,,,,
NN,NP,S,VP,VP,PP,NP,NP,NN,,,,,,,,,,,,
NN,NP,NP,S,VP,VP,PP,NP,NP,NN,,,,,,,,,,,
NN,NP,NP,VP,PP,NP,NN,,,,,,,,,,,,,,
NN,NP,NP,NP,PP,NP,NN,,,,,,,,,,,,,,
NN,NP,S,VP,NP,PP,NP,PP,NP,NN,,,,,,,,,,,
NNS,NP,S,VP,NP,SBAR,S,VP,NP,NN,,,,,,,,,,,
NN,NP,S,VP,VP,PP,NP,NP,NN,,,,,,,,,,,,
NNS,NP,PP,VP,PP,NP,VP,PP,S,VP,VBG,,,,,,,,,,
NN,NP,NP,S,VP,NP,NP,NN,,,,,,,,,,,,,
NN,NP,NP,VP,PP,NP,NN,,,,,,,,,,,,,,
NNS,NP,NP,PP,NP,NP,NN,,,,,,,,,,,,,,
NN,NP,S,VP,PP,S,NP,NP,NN,,,,,,,,,,,,
NN,NP,NP,S,VP,NP,PP,NP,NN,,,,,,,,,,,,
NN,NP,S,VP,PP,NP,PP,NP,NNS,,,,,,,,,,,,
NN,NP,NP,VP,PP,NP,NP,NN,,,,,,,,,,,,,
NNS,NP,S,VP,PP,NP,NN,,,,,,,,,,,,,,
NNS,NP,S,VP,VP,PP,NP,NP,NN,,,,,,,,,,,,
NN,NP,PP,NP,VP,PP,NP,NNS,,,,,,,,,,,,,
NN,NP,S,VP,NP,PP,NP,NN,,,,,,,,,,,,,
NN,NP,S,VP,VP,VP,PP,NP,NN,,,,,,,,,,,,
NN,NP,S,VP,PP,NP,NP,NN,,,,,,,,,,,,,
NNS,NP,NP,S,VP,S,VP,VB,,,,,,,,,,,,,
VBP,VP,PP,NP,NP,NN,,,,,,,,,,,,,,,
NNS,NP,NP,PP,NP,NP,NN,,,,,,,,,,,,,,
NN,NP,NP,PP,NP,VP,PP,NP,NNS,,,,,,,,,,,,
NN,NP,NP,SBAR,S,VP,VP,VP,PP,NP,NN,,,,,,,,,,
NNS,NP,S,VP,VP,PP,NP,SBAR,S,VP,VBZ,,,,,,,,,,
NN,NP,S,VP,PP,NP,NP,NN,,,,,,,,,,,,,
NN,NP,NN,,,,,,,,,,,,,,,,,,
NN,NP,NP,VP,PP,NP,NNS,,,,,,,,,,,,,,
NNS,NP,S,VP,NP,NP,NNS,,,,,,,,,,,,,,
NNS,NP,S,VP,VP,NP,VBG,,,,,,,,,,,,,,
NN,NP,NP,SBAR,S,VP,PP,NP,NN,,,,,,,,,,,,
NN,NP,S,VP,VP,ADJP,PP,NP,NP,NN,,,,,,,,,,,
NN,NP,PP,VP,PP,NP,VP,PP,NP,NP,NN,,,,,,,,,,
NNS,NP,NP,PP,NP,NN,,,,,,,,,,,,,,,
NN,NP,NP,PP,NP,NN,,,,,,,,,,,,,,,
NNP,NP,NP,S,VP,NP,NP,NN,,,,,,,,,,,,,
NNS,NP,S,VP,VP,PP,NP,NNS,,,,,,,,,,,,,
NN,NP,NP,S,VP,NP,PP,NP,NN,,,,,,,,,,,,
NN,NP,S,VP,NP,NN,,,,,,,,,,,,,,,
NN,NP,S,VP,VP,PP,NP,VP,VBZ,,,,,,,,,,,,
NN,NP,PP,NP,PP,NP,NN,,,,,,,,,,,,,,
NNS,NP,NP,S,VP,VP,VP,PP,NP,NP,NNS,,,,,,,,,,
NN,NP,NP,PP,NP,NNS,,,,,,,,,,,,,,,
NNS,NP,NP,SBAR,S,VP,PP,NP,NP,NN,,,,,,,,,,,
NN,NP,S,VP,VP,PP,NP,NN,,,,,,,,,,,,,
NNS,NP,NP,S,VP,VP,NP,NP,NN,,,,,,,,,,,,
NN,NP,S,VP,NP,NN,,,,,,,,,,,,,,,
NN,NP,S,VP,VP,VP,PP,NP,NN,,,,,,,,,,,,
NN,NP,VP,PP,NP,NP,NN,,,,,,,,,,,,,,
NNS,NP,NP,SBAR,S,VP,NP,NN,,,,,,,,,,,,,
NN,NP,NP,S,VP,NP,NN,,,,,,,,,,,,,,
NNS,NP,S,VP,VP,PP,PP,NP,JJ,,,,,,,,,,,,
NN,NP,NP,VP,PP,NP,NP,NN,,,,,,,,,,,,,
NN,NP,NP,PP,NP,NN,,,,,,,,,,,,,,,
NN,NP,S,VP,VP,NP,JJ,,,,,,,,,,,,,,
NN,NP,NP,SBAR,S,VP,PP,NP,NP,NN,,,,,,,,,,,
NN,NP,NP,VP,PP,NP,NN,,,,,,,,,,,,,,
NN,NP,S,VP,PP,NP,NN,,,,,,,,,,,,,,
NN,NP,NP,PP,NP,NN,,,,,,,,,,,,,,,
NN,NP,VP,PP,NP,NP,NN,,,,,,,,,,,,,,
NNS,NP,NP,S,VP,NP,NN,,,,,,,,,,,,,,
NN,NP,VP,PP,NP,NP,NN,,,,,,,,,,,,,,
NNS,NP,S,VP,VP,PP,NP,NP,NNS,,,,,,,,,,,,
NNS,NP,NP,VP,PP,NP,NP,NNS,,,,,,,,,,,,,
NN,NP,NP,S,VP,NP,NN,,,,,,,,,,,,,,
NNS,NP,S,VP,NP,NN,,,,,,,,,,,,,,,
NN,NP,S,VP,NP,NN,,,,,,,,,,,,,,,
NN,NP,NP,SBAR,S,VP,NP,PP,NP,PP,PP,NP,NN,,,,,,,,
NNS,NP,NP,SBAR,S,VP,PP,NP,NN,,,,,,,,,,,,
NN,NP,S,VP,VP,PP,NP,NP,NN,,,,,,,,,,,,
NNS,NP,S,VP,NP,NN,,,,,,,,,,,,,,,
NN,NP,VP,PP,S,VP,VBG,,,,,,,,,,,,,,
NNS,NP,S,VP,PP,NP,PP,NP,NN,,,,,,,,,,,,
NN,NP,VP,PP,NP,NP,NN,,,,,,,,,,,,,,
VB,VP,PP,NP,NP,NN,,,,,,,,,,,,,,,
NN,NP,PP,NP,S,VP,PP,NP,NP,NN,,,,,,,,,,,
JJ,NP,S,VP,VP,PP,NP,NP,JJ,,,,,,,,,,,,
NNS,NP,S,VP,NP,NN,,,,,,,,,,,,,,,
NN,NP,NP,S,VP,NP,PP,NP,NN,,,,,,,,,,,,
NNS,NP,NP,VP,PP,NP,NN,,,,,,,,,,,,,,
NN,NP,NP,S,VP,VP,PP,NP,NN,,,,,,,,,,,,
NNS,NP,NP,ADJP,PP,NP,NNS,,,,,,,,,,,,,,
NN,NP,NP,S,VP,VP,VP,NP,NP,NN,,,,,,,,,,,
NN,NP,NP,S,VP,VP,PP,NP,NP,NN,,,,,,,,,,,
JJ,NP,NP,PP,NP,NN,,,,,,,,,,,,,,,
NN,NP,NP,VP,PP,NP,NN,,,,,,,,,,,,,,
NN,NP,S,VP,NP,NN,,,,,,,,,,,,,,,
NN,NP,S,VP,PP,NP,NP,NN,,,,,,,,,,,,,
NN,NP,S,VP,VP,PP,NP,NN,,,,,,,,,,,,,
NN,NP,NP,SBAR,S,VP,VP,PP,NP,NNS,,,,,,,,,,,
VBG,VP,PP,NP,NP,NN,,,,,,,,,,,,,,,
NNS,NP,S,VP,VP,PP,NP,NN,,,,,,,,,,,,,
NNS,NP,NP,SBAR,S,VP,NP,NN,,,,,,,,,,,,,
NN,NP,S,VP,NP,NNS,,,,,,,,,,,,,,,
NNS,NP,NP,SBAR,S,VP,NP,NN,,,,,,,,,,,,,
NNS,NP,PP,NP,S,VP,VP,PP,NP,NNS,,,,,,,,,,,
NN,NP,NP,VP,PP,NP,NP,JJ,,,,,,,,,,,,,
NN,NP,NP,PP,NP,NP-TMP,NP,NN,,,,,,,,,,,,,
NN,NP,NP,NP,NP,PP,NP,NP,NN,,,,,,,,,,,,
NN,NP,S,VP,NP,NN,,,,,,,,,,,,,,,
NN,NP,PP,VP,PP,NP,NP,NN,,,,,,,,,,,,,
NN,NP,NP,VP,NP,NNS,,,,,,,,,,,,,,,
NN,NP,NP,VP,PP,NP,NP,NN,,,,,,,,,,,,,
NN,NP,NP,VP,PP,NP,NN,,,,,,,,,,,,,,
NN,NP,S,VP,PP,NP,NN,,,,,,,,,,,,,,
NN,NP,PP,NP,PP,NP,PP,NP,S,VP,PP,NP,NP,NN,,,,,,,
NNS,NP,NP,VP,PP,NP,NN,,,,,,,,,,,,,,
NN,NP,NN,,,,,,,,,,,,,,,,,,
NN,NP,S,VP,PP,NP,NP,NN,,,,,,,,,,,,,
NN,NP,NP,PP,NP,NNS,,,,,,,,,,,,,,,
NN,NP,S,VP,VP,PP,NP,NNS,,,,,,,,,,,,,
NN,NP,VP,S,NP-TMP,PP,NP,NN,,,,,,,,,,,,,
NN,NP,S,VP,VP,PP,NP,NN,,,,,,,,,,,,,
NN,NP,S,VP,PP,NP,NP,NN,,,,,,,,,,,,,
VBN,VP,PRN,FRAG,NP,NP,NN,,,,,,,,,,,,,,
NN,NP,S,VP,NP,NN,,,,,,,,,,,,,,,
NNS,NP,S,VP,NP,NN,,,,,,,,,,,,,,,
NNS,NP,S,VP,NP,NP,NNS,,,,,,,,,,,,,,
NNS,NP,NP,VP,PP,NP,NN,,,,,,,,,,,,,,
NNS,NP,S,VP,NP,NN,,,,,,,,,,,,,,,
NNS,NP,PP,NP,S,VP,VP,VP,PP,NP,NN,,,,,,,,,,
NN,NP,NP,PP,NP,NP,NNS,,,,,,,,,,,,,,
NN,NP,S,VP,VP,PP,NP,NP,NN,,,,,,,,,,,,
VBG,VP,PP,NP,NNS,,,,,,,,,,,,,,,,
NN,NP,PP,NP,S,VP,VP,PP,NP,NP,NNS,,,,,,,,,,
NNS,NP,NP,VP,PP,NP,NN,,,,,,,,,,,,,,
NNS,NP,NP,VP,PP,NP,NNS,,,,,,,,,,,,,,
NNS,NP,NP,VP,PP,NP,NN,,,,,,,,,,,,,,
NN,NP,S,VP,PP,NP,PP,NP,NP,NNS,,,,,,,,,,,
NN,NP,VP,S,PP,NP,S,SBAR,VP,S,S,VP,VP,PP,NP,NP,NN,,,,
JJ,NP,S,VP,NP,PP,NP,PP,NP,NN,,,,,,,,,,,
NN,NP,NP,PP,NP,NN,,,,,,,,,,,,,,,
NN,NP,NP,S,VP,NP,NP,NN,,,,,,,,,,,,,
NNS,NP,S,VP,VP,NP,NN,,,,,,,,,,,,,,
NN,NP,S,VP,NP,NP,NN,,,,,,,,,,,,,,
NN,NP,S,VP,PP,NP,PP,NP,NNS,,,,,,,,,,,,
NN,NP,NP,PP,NP,NNS,,,,,,,,,,,,,,,
NN,NP,NP,VP,PP,NP,NN,,,,,,,,,,,,,,
NN,NP,S,VP,VP,PP,NP,NP,VBG,,,,,,,,,,,,
NN,NP,S,VP,NP,NP,NN,,,,,,,,,,,,,,
NNS,NP,S,VP,VP,PP,NP,NP,NNS,,,,,,,,,,,,
NN,NP,S,VP,VP,PP,NP,NP,NN,,,,,,,,,,,,
NN,NP,S,VP,VP,VP,PP,NP,NN,,,,,,,,,,,,
NN,NP,S,VP,PP,NP,NNS,,,,,,,,,,,,,,
NN,NP,NP,SBAR,S,VP,VP,VP,PP,NP,NN,,,,,,,,,,
NNS,NP,PP,NP,S,VP,VP,PP,NP,NNS,,,,,,,,,,,
NN,NP,VP,PP,NP,NN,,,,,,,,,,,,,,,
NN,NP,NP,SBAR,S,VP,NP,NN,,,,,,,,,,,,,
NN,NP,S,VP,NP,NN,,,,,,,,,,,,,,,
NN,NP,NP,S,VP,NP,NN,,,,,,,,,,,,,,
NN,NP,NP,PP,S,VP,VBG,,,,,,,,,,,,,,
NNS,NP,PP,NP,VP,S,VP,NP,S,VP,PP,NP,NP,NN,,,,,,,
NN,NP,S,VP,PP,NP,SBAR,S,NP,NN,,,,,,,,,,,
NNS,NP,NP,S,VP,VP,PP,NP,NP,NN,,,,,,,,,,,
NNS,NP,NP,PP,NP,NN,,,,,,,,,,,,,,,
NN,NP,PP,NP,S,VP,VP,VP,PP,NP,NP,NNS,,,,,,,,,
NN,NP,NP,SBAR,S,VP,NP,NP,NN,,,,,,,,,,,,
NNS,NP,S,VP,VP,PP,NP,NP,NN,,,,,,,,,,,,
NN,NP,S,VP,VP,PP,NP,NP,NN,,,,,,,,,,,,
NN,NP,NP,S,VP,NP,NN,,,,,,,,,,,,,,
NNS,NP,S,VP,VP,PP,NP,NP,NN,,,,,,,,,,,,
NN,NP,S,VP,VP,PP,NP,NP,NNS,,,,,,,,,,,,
NN,NP,VP,PP,NP,NNS,,,,,,,,,,,,,,,
NN,NP,S,VP,NP,PP,NP,NN,,,,,,,,,,,,,
NN,NP,VP,PP,NP,NN,,,,,,,,,,,,,,,
NN,NP,NP,S,VP,NP,PP,NP,VP,PP,NP,NP,NN,,,,,,,,
NN,NP,PP,NP,NP,VP,PP,NP,NN,,,,,,,,,,,,
NN,NP,VP,PP,NP,NN,,,,,,,,,,,,,,,
NN,NP,S,VP,PP,NP,NN,,,,,,,,,,,,,,
NN,NP,NP,SBAR,S,VP,VP,PP,NP,NN,,,,,,,,,,,
NN,NP,NP,VP,PP,NP,NN,,,,,,,,,,,,,,
NN,NP,NP,S,VP,VP,PP,NP,NP,NN,,,,,,,,,,,
NN,NP,NP,VP,PP,NP,JJ,,,,,,,,,,,,,,
NN,NP,S,VP,NP,PP,NP,PP,NP,NN,,,,,,,,,,,
NN,NP,PP,NP,PP,NP,S,VP,NP,NP,NN,,,,,,,,,,
NN,NP,NP,VP,PP,NP,NN,,,,,,,,,,,,,,
NN,NP,S,VP,VP,PP,NP,NP,NN,,,,,,,,,,,,
NN,NP,NP,VP,PP,NP,NN,,,,,,,,,,,,,,
NNS,NP,NP,SBAR,S,VP,NP,NN,,,,,,,,,,,,,
NN,NP,VP,VP,S,VP,VP,ADVP,NP,NP,PP,NP,NN,,,,,,,,
NNS,NP,S,SINV,VP,NP,NN,,,,,,,,,,,,,,
NN,NP,S,VP,VP,VP,PP,NP,NP,NN,,,,,,,,,,,
NN,NP,VP,PP,NP,ADJP,VBG,,,,,,,,,,,,,,
NN,NP,NP,PP,NP,NN,,,,,,,,,,,,,,,
NN,NP,S,VP,VP,PP,NP,NN,,,,,,,,,,,,,
NNS,NP,S,VP,VP,PP,NP,NP,NNS,,,,,,,,,,,,
NN,NP,S,VP,VP,PP,NP,NP,NNS,,,,,,,,,,,,
NNS,NP,NP,VP,PP,NP,NNS,,,,,,,,,,,,,,
NN,NP,NP,S,VP,VP,PP,NP,NNS,,,,,,,,,,,,
NN,NP,NP,PP,NP,NN,,,,,,,,,,,,,,,
NNS,NP,NP,VP,PP,NP,NP,NNS,,,,,,,,,,,,,
NN,NP,NP,VP,PP,NP,NN,,,,,,,,,,,,,,
NN,NP,NP,VP,PP,NP,NNS,,,,,,,,,,,,,,
NNS,NP,NP,PP,NP,NP,NNS,,,,,,,,,,,,,,
NN,NP,S,VP,PP,PP,NP,PP,NP,NNS,,,,,,,,,,,
NNS,NP,PP,NP,S,VP,VP,PP,NP,NP,NNS,,,,,,,,,,
NN,NP,S,VP,NP,PP,NP,NN,,,,,,,,,,,,,
NN,NP,NP,VP,PP,NP,NN,,,,,,,,,,,,,,
NN,NP,S,VP,ADJP,PP,NP,NP,NNS,,,,,,,,,,,,
NN,NP,S,VP,PP,NP,NP,NNS,,,,,,,,,,,,,
NNS,NP,NP,VP,PP,NP,NP,NNS,,,,,,,,,,,,,
NN,NP,S,VP,VP,PP,NP,NP,NN,,,,,,,,,,,,
NN,NP,S,VP,PP,NP,NP,NNS,,,,,,,,,,,,,
NN,NP,S,VP,VP,VP,PP,NP,NP,NN,,,,,,,,,,,
NNS,NP,NP,S,VP,VP,PP,NP,NP,NNS,,,,,,,,,,,
NN,NP,S,VP,VP,VP,PP,NP,NP,NNS,,,,,,,,,,,
NN,NP,NP,VP,PP,NP,NP,NN,,,,,,,,,,,,,
NN,NP,NP,SBAR,S,VP,PP,NP,NP,NN,,,,,,,,,,,
NN,NP,NP,PP,NP,PP,VP,S,VP,S,NP,NN,,,,,,,,,
NN,NP,PP,NP,VP,S,S,S,S,NP,NNS,,,,,,,,,,
NN,NP,S,VP,VP,PP,NP,NP,NN,,,,,,,,,,,,
JJ,NP,NN,,,,,,,,,,,,,,,,,,
NN,NP,S,VP,VP,PP,NP,NP,JJ,,,,,,,,,,,,
NN,NP,NP,VP,PP,NP,NP,NNS,,,,,,,,,,,,,
NN,NP,NP,VP,PP,NP,NP,NNS,,,,,,,,,,,,,
NN,NP,S,VP,VP,PP,NP,NN,,,,,,,,,,,,,
JJ,NP,NP,S,VP,NP,NN,,,,,,,,,,,,,,
NNS,NP,NP,PP,NP,NN,,,,,,,,,,,,,,,
NN,NP,NP,VP,PP,NP,NN,,,,,,,,,,,,,,
NN,NP,PP,VP,PP,S,VP,VBG,,,,,,,,,,,,,
NN,NP,NP,PP,NP,PP,NP,VP,PP,NP,NNS,,,,,,,,,,
VBG,NP,S,VP,VP,PP,NP,NP,NP,JJ,,,,,,,,,,,
NNS,NP,NP,VP,VP,PP,NP,NP,NN,,,,,,,,,,,,
NN,NP,NP,VP,PP,NP,NN,,,,,,,,,,,,,,
NN,NP,NP,VP,PP,NP,NP,NN,,,,,,,,,,,,,
NN,NP,NP,S,VP,VP,PP,NP,VP,VBG,,,,,,,,,,,
NN,NP,VP,PP,NP,NN,,,,,,,,,,,,,,,
NN,NP,PP,VP,PP,NP,NN,,,,,,,,,,,,,,
NN,NP,NP,SBAR,S,VP,VP,VP,PP,NP,NN,,,,,,,,,,
VBG,VP,S,S,NP,S,VP,NP,NP,NN,,,,,,,,,,,
NNP,NP,S,VP,NP,SBAR,S,VP,S,VP,VBG,,,,,,,,,,
NN,NP,S,VP,VP,PP,NP,NN,,,,,,,,,,,,,
NN,NP,NP,PP,NP,VP,PP,NP,NP,NN,,,,,,,,,,,
NN,NP,NP,S,VP,NP,NP,NN,,,,,,,,,,,,,
NN,NP,S,VP,VP,PP,NP,NN,,,,,,,,,,,,,
NNS,NP,PP,VP,PP,NP,NP,NN,,,,,,,,,,,,,
VBN,NP,NP,PP,VP,PP,NP,NP,NN,,,,,,,,,,,,
NN,NP,NP,SBAR,S,VP,VP,NP,NP,NN,,,,,,,,,,,
NNS,NP,S,VP,PP,NP,NP,NN,,,,,,,,,,,,,
NN,NP,NP,SBAR,S,VP,PP,NP,NN,,,,,,,,,,,,
NNS,NP,PP,NP,PP,VP,S,S,S,VP,NP,NP,NN,,,,,,,,
NN,NP,NP,S,VP,PP,NP,NP,NN,,,,,,,,,,,,
NN,NP,S,VP,VP,PP,NP,NP,NN,,,,,,,,,,,,
NN,NP,S,VP,VP,PP,NP,PP,NP,NN,,,,,,,,,,,
NN,NP,VP,PP,NP,NP,NN,,,,,,,,,,,,,,
NN,NP,NP,S,VP,VP,VP,PP,NP,NP,NNS,,,,,,,,,,
NN,NP,S,VP,PP,NP,NN,,,,,,,,,,,,,,
NN,NP,S,VP,VP,PP,NP,NP,PP,NP,NNS,,,,,,,,,,
NN,NP,NN,,,,,,,,,,,,,,,,,,
NN,NP,S,VP,PP,S,NP,NNS,,,,,,,,,,,,,
NN,NP,S,VP,VP,PP,NP,NP,NN,,,,,,,,,,,,
NNS,NP,NP,VP,PP,NP,NN,,,,,,,,,,,,,,
NN,NP,S,VP,VP,PP,NP,NN,,,,,,,,,,,,,
NN,NP,NP,S,VP,NP,NP,NN,,,,,,,,,,,,,
NN,NP,PP,VP,PP,NP,NN,,,,,,,,,,,,,,
NN,NP,NP,VP,PP,NP,NP,NN,,,,,,,,,,,,,
NN,NP,NP,PP,NP,PP,NP,NNS,,,,,,,,,,,,,
NNS,NP,S,VP,VP,PP,NP,NP,NN,,,,,,,,,,,,
NN,NP,S,VP,VP,PP,NP,NP,NNS,,,,,,,,,,,,
NN,NP,NP,VP,PP,NP,NP,NN,,,,,,,,,,,,,
NN,NP,S,VP,NP,NN,,,,,,,,,,,,,,,
NNS,NP,S,VP,PP,NP,NN,,,,,,,,,,,,,,
NN,NP,S,VP,NP,NP,JJ,,,,,,,,,,,,,,
NNS,NP,S,VP,VP,PP,NP,VP,VBG,,,,,,,,,,,,
NN,NP,NP,VP,PP,NP,NNS,,,,,,,,,,,,,,
NN,NP,NP,SBAR,S,VP,PP,NP,NP,VBG,,,,,,,,,,,
NNS,NP,S,VP,NP,NP,NN,,,,,,,,,,,,,,
NN,NP,NP,SBAR,S,VP,S,VP,VBG,,,,,,,,,,,,
NN,NP,NP,PP,NP,VP,PP,NP,NN,,,,,,,,,,,,
NN,NP,VP,PP,NP,NP,NN,,,,,,,,,,,,,,
NN,NP,PP,NP,PP,NP,NP,NP,S,VP,PP,NP,NN,,,,,,,,
NN,NP,NN,,,,,,,,,,,,,,,,,,
NNS,NP,NP,S,VP,NP,NP,NN,,,,,,,,,,,,,
NN,NP,VP,S,S,VP,PP,NP,NN,,,,,,,,,,,,
NN,NP,S,VP,VP,PP,NP,NN,,,,,,,,,,,,,
NN,NP,NP,S,VP,PP,NP,NP,NN,,,,,,,,,,,,
NN,NP,S,VP,VP,PP,NP,NP,NN,,,,,,,,,,,,
NN,NP,NP,NP,S,VP,NP,NN,,,,,,,,,,,,,
NNS,NP,S,VP,NP,NN,,,,,,,,,,,,,,,
NNS,NP,S,VP,NP,NN,,,,,,,,,,,,,,,
NN,NP,NP,S,VP,NP,NP,NN,,,,,,,,,,,,,
NN,NP,NP,S,VP,NP,NN,,,,,,,,,,,,,,
NN,NP,NP,VP,PP,NP,NNS,,,,,,,,,,,,,,
NN,NP,S,VP,VP,VP,PP,NP,PP,NP,NP,NN,,,,,,,,,
NN,NP,NP,SBAR,S,VP,VP,VP,PP,NP,NP,NN,,,,,,,,,
NN,NP,VP,PP,NP,NN,,,,,,,,,,,,,,,
NN,NP,NP,S,VP,NP,NP,NNS,,,,,,,,,,,,,
NN,NP,NP,VP,PP,NP,NN,,,,,,,,,,,,,,
NN,NP,NP,PP,NP,VP,PP,NP,NNS,,,,,,,,,,,,
NNS,NP,S,VP,VP,PP,NP,PP,NP,NP,NN,,,,,,,,,,
NN,NP,NP,S,VP,VP,VP,PP,NP,PP,NP,NN,,,,,,,,,
NN,NP,S,VP,VP,PP,S,VP,VBG,,,,,,,,,,,,
NNP,NP,NP,S,VP,PP,NP,NP,NNS,,,,,,,,,,,,
NN,NP,PP,NP,VP,PP,NP,NN,,,,,,,,,,,,,
NN,NP,NP,VP,PP,NP,NNS,,,,,,,,,,,,,,
NNS,NP,NP,PP,NP,S,VP,VP,PP,NP,NN,,,,,,,,,,
NN,NP,S,VP,NP,NN,,,,,,,,,,,,,,,
NN,NP,NP,S,VP,VP,PP,NP,NN,,,,,,,,,,,,
NN,NP,NP,VP,PP,NP,NN,,,,,,,,,,,,,,
NN,NP,VP,PP,NP,NP,NNS,,,,,,,,,,,,,,
NN,NP,VP,PP,NP,NP,NNS,,,,,,,,,,,,,,
NN,NP,NP,VP,PP,NP,NP,NN,,,,,,,,,,,,,
NN,NP,S,VP,VP,PP,NP,NP,NNS,,,,,,,,,,,,
NN,NP,NN,,,,,,,,,,,,,,,,,,
VBP,VP,PP,NP,NP,NN,,,,,,,,,,,,,,,
VBG,NP,S,VP,NP,NN,,,,,,,,,,,,,,,
NN,NP,NP,VP,PP,NP,NP,NNS,,,,,,,,,,,,,
NN,NP,S,VP,NP,NN,,,,,,,,,,,,,,,
NN,NP,NP,SBAR,S,VP,VP,VP,PP,NP,NN,,,,,,,,,,
NN,NP,NP,VP,PP,NP,NP,NN,,,,,,,,,,,,,
NN,NP,NP,NP,NP,NN,,,,,,,,,,,,,,,
NNS,NP,NP,S,VP,VP,PP,NP,NP,NN,,,,,,,,,,,
NN,NP,S,VP,VP,PP,NP,NP,NN,,,,,,,,,,,,
NN,NP,NP,PP,NP,NN,,,,,,,,,,,,,,,
NN,NP,S,VP,VP,PP,NP,NP,NN,,,,,,,,,,,,
NN,NP,NP,VP,PP,NP,NNS,,,,,,,,,,,,,,
NN,NP,NP,VP,PP,NP,NP,NN,,,,,,,,,,,,,
NN,NP,S,VP,NP,NP,NNS,,,,,,,,,,,,,,
NN,NP,S,VP,NP,NP,NN,,,,,,,,,,,,,,
NNS,NP,S,VP,VP,PP,NP,NP,NNS,,,,,,,,,,,,
NN,NP,S,VP,VP,VP,PP,NP,NN,,,,,,,,,,,,
NNS,NP,PP,NP,S,VP,VP,PP,NP,NN,,,,,,,,,,,
NN,NP,NP,PP,NP,VP,PP,NP,NN,,,,,,,,,,,,
NN,NP,S,VP,VP,PP,NP,NN,,,,,,,,,,,,,
NN,NP,NP,PP,NP,VP,PP,NP,NN,,,,,,,,,,,,
NN,NP,NP,VP,PP,NP,NN,,,,,,,,,,,,,,
NN,NP,S,PP,NP,NN,,,,,,,,,,,,,,,
NNS,NP,NP,PP,NP,NNS,,,,,,,,,,,,,,,
NN,NP,NP,PP,NP,NN,,,,,,,,,,,,,,,
NNS,NP,NP,NP,NN,,,,,,,,,,,,,,,,
NN,NP,VP,PP,NP,NN,,,,,,,,,,,,,,,
NN,NP,S,VP,NP,NN,,,,,,,,,,,,,,,
NN,NP,S,VP,VP,NP,NNS,,,,,,,,,,,,,,
NNS,NP,NP,S,VP,NP,NP,NNS,,,,,,,,,,,,,
NN,NP,S,VP,VP,PP,NP,NN,,,,,,,,,,,,,
VBG,NP,NP,NP,NP,PP,NP,NN,,,,,,,,,,,,,
VBG,VP,PP,NP,NN,,,,,,,,,,,,,,,,
VBG,VP,PP,NP,NN,,,,,,,,,,,,,,,,
NNS,NP,NP,S,VP,NP,NN,,,,,,,,,,,,,,
NN,NP,NP,SBAR,S,VP,PP,NP,NP,NN,,,,,,,,,,,
NNS,NP,NP,SBAR,S,VP,PP,NP,NN,,,,,,,,,,,,
NN,NP,NP,PP,NP,VP,PP,NP,NP,NN,,,,,,,,,,,
NN,NP,NP,S,VP,PP,NP,NN,,,,,,,,,,,,,
NN,NP,PP,VP,PP,S,VP,VBG,,,,,,,,,,,,,
NN,NP,NP,VP,PP,NP,NNS,,,,,,,,,,,,,,
NN,NP,S,VP,VP,PP,NP,NP,NN,,,,,,,,,,,,
NN,NP,NP,PP,NP,NN,,,,,,,,,,,,,,,
NNS,NP,NP,VP,PP,NP,NP,NNS,,,,,,,,,,,,,
NN,NP,S,VP,VP,PP,NP,NP,NNS,,,,,,,,,,,,
NN,NP,S,VP,VP,PP,NP,NP,NN,,,,,,,,,,,,
NN,NP,S,VP,VP,PP,NP,NP,NP,NNS,,,,,,,,,,,
NN,NP,NP,PP,PP,PP,NP,NN,,,,,,,,,,,,,
NN,NP,S,VP,VP,NP,NNS,,,,,,,,,,,,,,
NNS,NP,NP,PP,NP,NP,NN,,,,,,,,,,,,,,
NN,NP,NP,SBAR,S,VP,VP,NP,NP,NN,,,,,,,,,,,
NN,NP,S,VP,PP,NP,NN,,,,,,,,,,,,,,
VBG,NP,NP,S,VP,VP,PP,NP,NN,,,,,,,,,,,,
NN,NP,NP,S,VP,NP,NP,NN,,,,,,,,,,,,,
JJ,NP,NP,VP,PP,NP,NNS,,,,,,,,,,,,,,
NN,NP,S,VP,VP,PP,NP,PP,NP,NP,PP,NP,NN,,,,,,,,
NNS,NP,NP,S,VP,VP,PP,NP,NP,NN,,,,,,,,,,,
NN,NP,S,VP,PP,NP,NP,NNS,,,,,,,,,,,,,
NN,NP,S,VP,PP,NP,NP,NN,,,,,,,,,,,,,
NNS,NP,S,VP,VP,PP,NP,NN,,,,,,,,,,,,,
NNS,NP,PP,NP,SBAR,S,VP,PP,NP,NN,,,,,,,,,,,
NN,NP,S,VP,VP,PP,NP,NN,,,,,,,,,,,,,
NN,NP,S,VP,NP,NN,,,,,,,,,,,,,,,
NN,NP,S,VP,PP,NP,NN,,,,,,,,,,,,,,
NNS,NP,NP,S,VP,NP,NP,NN,,,,,,,,,,,,,
NN,NP,S,VP,NP,PP,NP,NP,JJ,,,,,,,,,,,,
NN,NP,NP,VP,PP,NP,NN,,,,,,,,,,,,,,
NN,NP,S,VP,VP,PP,NP,NP,NP,NN,,,,,,,,,,,
NN,NP,S,VP,VP,VP,PP,NP,NP,NN,,,,,,,,,,,
NNP,NP,NP,S,VP,VP,VP,PP,NP,NN,,,,,,,,,,,
VBP,VP,PP,NP,PP,NP,SBAR,S,VP,VP,PP,NP,NN,,,,,,,,
NNP,NP,S,VP,NP,PP,NP,VP,PP,NP,NN,,,,,,,,,,
NN,NP,NP,PP,NP,NP,NN,,,,,,,,,,,,,,
NN,NP,S,VP,PP,NP,NP,NN,,,,,,,,,,,,,
NN,NP,NP,S,VP,PP,NP,NN,,,,,,,,,,,,,
NN,NP,NP,S,VP,VP,VP,PP,NP,PP,NP,NN,,,,,,,,,
NN,NP,VP,S,S,S,VP,NP,PP,NP,PP,NP,NN,,,,,,,,
NNS,NP,NP,SBAR,S,VP,NP,NP,NN,,,,,,,,,,,,
NNS,NP,S,VP,NP,NNS,,,,,,,,,,,,,,,
NN,NP,S,VP,VP,NP,NN,,,,,,,,,,,,,,
NN,NP,NP,SBAR,S,VP,PP,NP,NN,,,,,,,,,,,,
NN,NP,S,VP,VP,PP,NP,NP,NN,,,,,,,,,,,,
NN,NP,S,VP,VP,PP,NP,NN,,,,,,,,,,,,,
NN,NP,NP,SBAR,S,VP,VP,VP,PP,NP,NN,,,,,,,,,,
NN,NP,NP,PP,NP,NNS,,,,,,,,,,,,,,,
NN,NP,NP,VP,PP,NP,NN,,,,,,,,,,,,,,
NN,NP,NP,SBAR,S,VP,NP,NN,,,,,,,,,,,,,
NN,NP,NP,PP,NP,NN,,,,,,,,,,,,,,,
NN,NP,NP,PP,NP,VP,PP,NP,NP,NNS,,,,,,,,,,,
NN,NP,S,VP,NP,NP,NN,,,,,,,,,,,,,,
NN,NP,NP,S,VP,NP,NP,NP,NN,,,,,,,,,,,,
NN,NP,VP,PP,NP,NNS,,,,,,,,,,,,,,,
NN,NP,NP,PP,VP,NP,PP,NP,NNS,,,,,,,,,,,,
NN,NP,NP,PP,NP,NN,,,,,,,,,,,,,,,
NNS,NP,S,VP,VP,NP,NN,,,,,,,,,,,,,,
NNS,NP,S,VP,VP,PP,NP,NNS,,,,,,,,,,,,,
NN,NP,S,VP,VP,PP,NP,NN,,,,,,,,,,,,,
NNS,NP,S,VP,NP,NNS,,,,,,,,,,,,,,,
NNS,NP,NP,S,VP,VP,PP,NP,NN,,,,,,,,,,,,
NN,NP,NP,VP,PP,NP,NP,NN,,,,,,,,,,,,,
NNS,NP,NP,VP,PP,NP,NP,NNS,,,,,,,,,,,,,
NNS,NP,S,VP,NP,NN,,,,,,,,,,,,,,,
NN,NP,NP,PP,NP,VP,PP,NP,NP,NN,,,,,,,,,,,
NN,NP,NP,VP,PP,NP,NN,,,,,,,,,,,,,,
NNS,NP,S,VP,PP,NP,NP,NNS,,,,,,,,,,,,,
NN,NP,PP,NP,S,VP,PP,NP,PP,NP,VP,PP,NP,NP,NN,,,,,,
NNS,NP,NP,NP,NP,NP,NP,VP,PP,NP,NN,,,,,,,,,,
NN,NP,NP,VP,S,NP,NNS,,,,,,,,,,,,,,
NN,NP,S,VP,VP,VP,PP,PP,NP,VBG,,,,,,,,,,,
NN,NP,S,VP,VP,PP,NP,NNS,,,,,,,,,,,,,
NN,NP,NP,PP,NP,NN,,,,,,,,,,,,,,,
NNP,NP,S,VP,VP,PP,NP,NP,NN,,,,,,,,,,,,
NN,NP,NP,VP,PP,NP,NP,NN,,,,,,,,,,,,,
NN,NP,S,VP,NP,PP,NP,NP,NN,,,,,,,,,,,,
NN,NP,S,VP,NP,NN,,,,,,,,,,,,,,,
NN,NP,NP,PP,NP,S,S,VP,VP,PP,NP,NN,,,,,,,,,
NNS,NP,NP,PP,S,VP,VBG,,,,,,,,,,,,,,
NN,NP,NP,SBAR,S,VP,VP,VP,PP,NP,NN,,,,,,,,,,
NN,NP,S,VP,PP,NP,JJ,,,,,,,,,,,,,,
NN,NP,S,VP,VP,PP,NP,NP,NN,,,,,,,,,,,,
NN,NP,S,VP,VP,NP,NP,NN,,,,,,,,,,,,,
NN,NP,PP,VP,PP,NP,NP,NN,,,,,,,,,,,,,
NNS,NP,S,VP,S,VP,NP,NN,,,,,,,,,,,,,
NNS,NP,NP,PP,NP,NN,,,,,,,,,,,,,,,
NNS,NP,S,VP,NP,PP,NP,NN,,,,,,,,,,,,,
NN,NP,S,VP,VP,VP,S,VP,VB,,,,,,,,,,,,
NN,NP,NP,SBAR,S,VP,VP,PP,NP,NN,,,,,,,,,,,
NNS,NP,NP,SBAR,S,VP,VP,NP,NP,JJ,,,,,,,,,,,
NN,NP,VP,PP,NP,NP,NN,,,,,,,,,,,,,,
NN,NP,S,NP,PP,NP,NP,NN,,,,,,,,,,,,,
NN,NP,S,VP,PP,NP,NN,,,,,,,,,,,,,,
NN,NP,S,VP,VP,VP,PP,NP,UCP,ADJP,JJ,,,,,,,,,,
NN,NP,S,VP,VP,NP,NN,,,,,,,,,,,,,,
NNP,NP,S,VP,NP,PP,NP,PP,NP,NP,NN,,,,,,,,,,
NNS,NP,NP,SBAR,S,VP,NP,NNS,,,,,,,,,,,,,
NN,NP,NP,VP,PP,NP,NN,,,,,,,,,,,,,,
NN,NP,VP,S,SBAR,NP,S,VP,PP,NP,NP,NNS,,,,,,,,,
NNS,NP,S,VP,VP,PP,NP,NP,NN,,,,,,,,,,,,
NNS,NP,S,VP,NP,PP,NP,NP,NN,,,,,,,,,,,,
JJ,NP,S,VP,VP,PP,NP,NP,NN,,,,,,,,,,,,
NNS,NP,VP,PP,NP,NP,NN,,,,,,,,,,,,,,
NN,NP,NP,S,VP,NP,NP,NN,,,,,,,,,,,,,
NN,NP,NP,PP,NP,NN,,,,,,,,,,,,,,,
NN,NP,S,VP,NP,NN,,,,,,,,,,,,,,,
NN,NP,S,VP,VP,PP,NP,NP,NN,,,,,,,,,,,,
NN,NP,NP,PP,VP,S,VP,VP,NP,NN,,,,,,,,,,,
NN,NP,NP,SBAR,S,VP,VP,VP,PP,NP,JJ,,,,,,,,,,
NN,NP,S,VP,NP,NN,,,,,,,,,,,,,,,
NNS,NP,NP,S,VP,NP,NN,,,,,,,,,,,,,,
NNS,NP,S,VP,PP,NP,NP,NP,NNS,,,,,,,,,,,,
NN,NP,S,VP,NP,NNS,,,,,,,,,,,,,,,
NN,NP,S,VP,NP,NN,,,,,,,,,,,,,,,
NN,NP,NP,S,VP,NP,NP,NN,,,,,,,,,,,,,
NN,NP,NP,S,VP,NP,NN,,,,,,,,,,,,,,
NNS,NP,S,VP,VP,PP,NP,NP,NNS,,,,,,,,,,,,
NN,NP,S,VP,VP,PP,NP,NP,NNS,,,,,,,,,,,,
NN,NP,NP,NP,PP,NP,NN,,,,,,,,,,,,,,
NN,NP,S,VP,VP,PP,NP,NP,NN,,,,,,,,,,,,
NN,NP,S,VP,NP,PP,NP,JJ,,,,,,,,,,,,,
NN,NP,NP,S,VP,NP,PP,NP,NN,,,,,,,,,,,,
NN,NP,VP,PP,NP,NN,,,,,,,,,,,,,,,
NN,NP,S,VP,NP,NN,,,,,,,,,,,,,,,
NNP,NP,NP,S,VP,VP,VP,PP,NP,NP,NN,,,,,,,,,,
NN,NP,NP,VP,PP,NP,NNS,,,,,,,,,,,,,,
NN,NP,NP,VP,PP,NP,NP,NNS,,,,,,,,,,,,,
NN,NP,NP,VP,S,PP,VP,S,S,VP,PP,NP,PP,NP,NN,,,,,,
NN,NP,NP,PP,NP,VP,PP,NP,NN,,,,,,,,,,,,
NN,NP,NP,VP,PP,PP,NP,PP,NP,NN,,,,,,,,,,,
NN,NP,NP,PP,NP,NN,,,,,,,,,,,,,,,
NN,NP,NP,SBAR,S,VP,VP,VP,PP,NP,NN,,,,,,,,,,
NN,NP,NP,S,VP,VP,PP,NP,NN,,,,,,,,,,,,
NNS,NP,VP,PP,NP,NNS,,,,,,,,,,,,,,,
NN,NP,NP,PP,NP,NN,,,,,,,,,,,,,,,
NN,NP,S,VP,VP,PP,NP,NN,,,,,,,,,,,,,
NN,NP,S,VP,S,VP,NP,NP,NN,,,,,,,,,,,,
VBP,VP,PP,NP,NP,NNS,,,,,,,,,,,,,,,
NN,NP,NP,NP,NP,NP,NNS,,,,,,,,,,,,,,
NN,NP,NP,VP,PP,NP,NP,NN,,,,,,,,,,,,,
NN,NP,S,VP,PP,NP,PP,NP,NN,,,,,,,,,,,,
NNS,NP,S,VP,NP,PP,NP,NNS,,,,,,,,,,,,,
NN,NP,S,VP,VP,PP,NP,NNS,,,,,,,,,,,,,
VBG,VP,PP,NP,NN,,,,,,,,,,,,,,,,
NN,NP,VP,PP,NP,PP,NP,PP,NP,VP,PP,NP,NP,NN,,,,,,,
NN,NP,NP,VP,NP,PP,NP,NN,,,,,,,,,,,,,
NNS,NP,S,VP,VP,PP,NP,NP,NN,,,,,,,,,,,,
NN,NP,NP,SBAR,S,VP,VP,PP,NP,NN,,,,,,,,,,,
NN,NP,S,VP,NP,NP,VP,VB,,,,,,,,,,,,,
NNS,NP,S,VP,VP,PP,NP,NN,,,,,,,,,,,,,
NN,NP,NP,PP,NP,NN,,,,,,,,,,,,,,,
NN,NP,VP,PP,NP,NP,NN,,,,,,,,,,,,,,
NN,NP,NP,VP,PP,NP,NN,,,,,,,,,,,,,,
NN,NP,NP,VP,PP,NP,NP,NNS,,,,,,,,,,,,,
NN,NP,NP,S,VP,NP,PP,NP,PP,NP,NN,,,,,,,,,,
NN,NP,S,VP,S,VP,VBG,,,,,,,,,,,,,,
NN,NP,S,VP,SBAR,S,NP,NP,NNS,,,,,,,,,,,,
NN,NP,NP,PP,NP,NP,NNS,,,,,,,,,,,,,,
NN,NP,NP,NP,NP,JJ,,,,,,,,,,,,,,,
NN,NP,S,VP,PP,NP,NN,,,,,,,,,,,,,,
NN,NP,NP,S,VP,NP,NP,NN,,,,,,,,,,,,,
NN,NP,S,VP,VP,PP,NP,NN,,,,,,,,,,,,,
NN,NP,S,VP,VP,PP,NP,NP,NNS,,,,,,,,,,,,
NN,NP,NP,S,VP,NP,NN,,,,,,,,,,,,,,
NN,NP,NP,SBAR,S,VP,NP,NP,NN,,,,,,,,,,,,
NN,NP,S,VP,NP,NN,,,,,,,,,,,,,,,
NN,NP,S,VP,PP,NP,SBAR,S,VP,VP,NP,NP,NN,,,,,,,,
NN,NP,NP,PP,NP,NP,NNS,,,,,,,,,,,,,,
NN,NP,S,VP,PP,NP,NP,NN,,,,,,,,,,,,,
NN,NP,PP,NP,S,VP,VP,PP,NP,NN,,,,,,,,,,,
NN,NP,NP,VP,PP,NP,NN,,,,,,,,,,,,,,
NNS,NP,NP,S,VP,NP,NN,,,,,,,,,,,,,,
NNS,NP,S,VP,NP,NN,,,,,,,,,,,,,,,
NN,NP,S,VP,VP,PP,NP,NNS,,,,,,,,,,,,,
NN,NP,S,VP,VP,NP,NP,NN,,,,,,,,,,,,,
NN,NP,S,VP,SBAR,S,VP,VBP,,,,,,,,,,,,,
NNS,NP,NP,S,VP,NP,NN,,,,,,,,,,,,,,
NN,NP,NP,VP,PP,NP,NN,,,,,,,,,,,,,,
NN,NP,NP,VP,PP,NP,SBAR,S,VP,NP,NN,,,,,,,,,,
VBG,VP,PP,NP,NN,,,,,,,,,,,,,,,,
NNS,NP,NP,PP,NP,NN,,,,,,,,,,,,,,,
NN,NP,S,VP,VP,PP,NP,NP,NN,,,,,,,,,,,,
NN,NP,PP,NP,NP,NP,NP,NN,,,,,,,,,,,,,
NN,NP,S,VP,NP,NN,,,,,,,,,,,,,,,
NN,NP,NP,PP,NP,NNS,,,,,,,,,,,,,,,
NN,NP,NP,PP,NP,NNS,,,,,,,,,,,,,,,
NN,NP,NP,NP,SBAR,S,VP,PP,NP,NP,NN,,,,,,,,,,
VBG,NP,S,VP,NP,PP,NP,PP,NP,NNS,,,,,,,,,,,
JJ,NP,S,VP,VP,NP,NN,,,,,,,,,,,,,,
NN,NP,S,VP,VP,VP,PP,NP,NN,,,,,,,,,,,,
NN,NP,S,VP,S,S,SBAR,PP,NP,S,VP,PP,NP,NN,,,,,,,
NN,NP,S,VP,PP,NP,NP,NN,,,,,,,,,,,,,
NN,NP,S,VP,VP,VP,PP,NP,NP,NN,,,,,,,,,,,
JJ,NP,S,VP,VP,PP,NP,NP,NN,,,,,,,,,,,,
NN,NP,S,VP,NP,PP,NP,NP,NN,,,,,,,,,,,,
NN,NP,S,VP,PP,NP,NP,NP,NP,NN,,,,,,,,,,,
NN,NP,NP,S,VP,PP,NP,VP,PP,NP,NN,,,,,,,,,,
NN,NP,NP,S,VP,NP,NN,,,,,,,,,,,,,,
NNS,NP,S,VP,NP,NP,NN,,,,,,,,,,,,,,
VBG,VP,PP,NP,NN,,,,,,,,,,,,,,,,
NN,NP,S,VP,PP,NP,NP,NNS,,,,,,,,,,,,,
NN,NP,S,VP,PP,NP,NN,,,,,,,,,,,,,,
NN,NP,NP,VP,PP,NP,NP,NN,,,,,,,,,,,,,
NN,NP,S,SBAR,VP,S,NP,NP,NN,,,,,,,,,,,,
NN,NP,S,VP,NP,NN,,,,,,,,,,,,,,,
NN,NP,S,VP,PP,NP,NN,,,,,,,,,,,,,,
NN,NP,VP,PP,S,VP,VBG,,,,,,,,,,,,,,
NNS,NP,NP,VP,PP,NP,NN,,,,,,,,,,,,,,
NN,NP,NP,VP,NP,NN,,,,,,,,,,,,,,,
VB,VP,VP,PP,NP,NN,,,,,,,,,,,,,,,
NN,NP,PP,ADJP,VP,PP,S,VP,VBG,,,,,,,,,,,,
NN,NP,NP,VP,PP,NP,NP,NN,,,,,,,,,,,,,
NN,NP,PP,VP,VP,S,ADVP,PP,NP,NP,NN,,,,,,,,,,
NN,NP,NP,VP,PP,NP,NN,,,,,,,,,,,,,,
NNS,NP,NP,PP,NP,NP,NN,,,,,,,,,,,,,,
NN,NP,S,VP,ADVP,NP,NNS,,,,,,,,,,,,,,
NN,NP,NP,S,VP,VP,PP,NP,NN,,,,,,,,,,,,
NN,NP,NP,VP,NP,S,VP,PP,NP,NP,NN,,,,,,,,,,
NN,NP,S,VP,VP,PP,NP,NP,NN,,,,,,,,,,,,
NN,NP,S,VP,NP,PP,NP,NP,NN,,,,,,,,,,,,
NN,NP,S,VP,PP,NP,NP,NN,,,,,,,,,,,,,
NN,NP,UCP,S,VP,NP,NN,,,,,,,,,,,,,,
NN,NP,NP,VP,PP,NP,NP,NP,NN,,,,,,,,,,,,
NNS,NP,NP,PP,NP,VP,PP,NP,NN,,,,,,,,,,,,
NNP,NP,S,VP,NP,PP,NP,PP,NP,NN,,,,,,,,,,,
NN,NP,NP,SBAR,S,VP,VP,PP,NP,NP,NN,,,,,,,,,,
NN,NP,NP,S,VP,VP,VP,PP,NP,NNS,,,,,,,,,,,
NN,NP,NP,VP,PP,NP,NP,NN,,,,,,,,,,,,,
NN,NP,VP,VP,VP,S,ADJP,VP,S,S,S,VP,VP,PP,NP,NN,,,,,
NN,NP,S,VP,PP,S,VP,VBG,,,,,,,,,,,,,
NNS,NX,NP,S,VP,VP,PP,NP,NNS,,,,,,,,,,,,
NN,NP,NP,NP,UCP,VP,PP,NP,NN,,,,,,,,,,,,
NN,NP,NP,S,VP,VP,PP,NP,NP,NP,NN,,,,,,,,,,
NNS,NP,S,VP,VP,PP,NP,NP,JJ,,,,,,,,,,,,
NN,NP,NP,VP,PP,NP,NP,NN,,,,,,,,,,,,,
NN,NP,NP,SBAR,S,VP,VP,NP,NP,NN,,,,,,,,,,,
NN,NP,VP,PP,NP,NN,,,,,,,,,,,,,,,
NNS,NP,S,VP,NP,VP,PP,PP,NP,NP,NN,,,,,,,,,,
NN,NP,NP,S,SBAR,VP,S,NP,PP,NP,NN,,,,,,,,,,
NNP,NP,S,VP,NP,SBAR,S,VP,S,VP,VBG,,,,,,,,,,
NNS,NP,S,VP,VP,PP,NP,NN,,,,,,,,,,,,,
NN,NP,NP,S,VP,NP,NN,,,,,,,,,,,,,,
NNP,NP,NN,,,,,,,,,,,,,,,,,,
NNS,NP,NP,S,VP,VP,NP,NP,NN,,,,,,,,,,,,
NN,NP,NP,S,VP,VP,NP,NN,,,,,,,,,,,,,
NNS,NP,S,VP,VP,PP,NP,NP,NN,,,,,,,,,,,,
NN,NP,NP,S,VP,PP,NP,NP,NN,,,,,,,,,,,,
NN,NP,NP,VP,PP,NP,NN,,,,,,,,,,,,,,
NNS,NP,S,VP,VP,PP,NP,NN,,,,,,,,,,,,,
NN,NP,S,VP,NP,VP,VP,VBG,,,,,,,,,,,,,
NN,NP,NP,S,VP,NP,NP,NN,,,,,,,,,,,,,
NNS,NP,NP,VP,PP,NP,NP,NNS,,,,,,,,,,,,,
NN,NP,PP,NP,VP,PP,NP,PP,NP,NNS,,,,,,,,,,,
NNP,NP,S,VP,NP,PP,NP,PP,NP,NP,NN,,,,,,,,,,
NN,NP,S,S,S,VP,VBP,,,,,,,,,,,,,,
NN,NP,NP,SBAR,S,VP,PP,NP,NP,NN,,,,,,,,,,,
NN,NP,S,VP,VP,PP,NP,NN,,,,,,,,,,,,,
NNS,NP,NP,VP,PP,NP,NNS,,,,,,,,,,,,,,
NN,NP,NP,S,VP,VP,PP,NP,NN,,,,,,,,,,,,
NN,NP,S,VP,NP,PP,NP,NP,NN,,,,,,,,,,,,
NN,NP,NP,NP,VP,PP,NP,NN,,,,,,,,,,,,,
NN,NP,S,VP,NP,NN,,,,,,,,,,,,,,,
NNS,NP,NP,SBAR,S,VP,SBAR,S,NP,NP,NN,,,,,,,,,,
NNS,NP,PP,NP,S,VP,VP,PP,NP,NP,NN,,,,,,,,,,
NN,NP,S,VP,VP,PP,NP,NP,NN,,,,,,,,,,,,
NNP,NP,S,VP,NP,PP,NP,NP,JJ,,,,,,,,,,,,
NN,NP,NP,VP,PP,NP,NN,,,,,,,,,,,,,,
NN,NP,VP,PP,NP,NN,,,,,,,,,,,,,,,
NN,NP,PP,NP,PP,NP,VP,PP,NP,NP,NNS,,,,,,,,,,
NN,NP,S,VP,VP,PP,NP,NN,,,,,,,,,,,,,
NN,NP,NP,SBAR,S,VP,NP,NN,,,,,,,,,,,,,
NN,NP,S,VP,NP,NN,,,,,,,,,,,,,,,
NN,NP,VP,PP,NP,PP,NP,NN,,,,,,,,,,,,,
NN,NP,NP,S,VP,PP,NP,NN,,,,,,,,,,,,,
NN,NP,VP,PP,NP,NP,NN,,,,,,,,,,,,,,
NN,NP,NP,PP,NP,NP,NNS,,,,,,,,,,,,,,
NN,NP,S,VP,VP,PP,NP,NN,,,,,,,,,,,,,
NNS,NP,VP,PP,NP,NP,NN,,,,,,,,,,,,,,
NNS,NP,NP,SBAR,S,VP,NP,NN,,,,,,,,,,,,,
NN,NP,S,VP,VP,VP,PP,NP,NP,NNS,,,,,,,,,,,
NN,NP,VP,PP,NP,NP,NN,,,,,,,,,,,,,,
NN,NP,NP,SBAR,S,VP,VP,VP,NP,NN,,,,,,,,,,,
NN,NP,NP,PP,NP,NN,,,,,,,,,,,,,,,
NNS,NP,NP,SBAR,S,VP,VP,NP,ADJP,JJ,,,,,,,,,,,
NNS,NP,NP,SBAR,S,VP,NP,NNS,,,,,,,,,,,,,
VBG,NP,S,VP,VP,PP,NP,NP,NNS,,,,,,,,,,,,
NN,NP,S,VP,NP,NN,,,,,,,,,,,,,,,
NN,NP,NP,VP,PP,NP,NX,NX,NNS,,,,,,,,,,,,
NN,NP,VP,PP,NP,NN,,,,,,,,,,,,,,,
NNS,NP,NP,VP,PP,NP,NP,JJ,,,,,,,,,,,,,
NNS,NP,NP,S,VP,NP,NP,NN,,,,,,,,,,,,,
NN,NP,NP,VP,PP,NP,NN,,,,,,,,,,,,,,
NN,NP,VP,PP,NP,NP,NN,,,,,,,,,,,,,,
NN,NP,S,VP,VP,PP,S,VP,NP,NNS,,,,,,,,,,,
NNS,NP,NP,PP,NP,NN,,,,,,,,,,,,,,,
NN,NP,NP,PP,NP,NN,,,,,,,,,,,,,,,
NN,NP,S,VP,VP,VP,PP,NP,NN,,,,,,,,,,,,
NN,NP,PP,NAC,NP,NN,,,,,,,,,,,,,,,
NN,NP,S,VP,VP,NP,NN,,,,,,,,,,,,,,
NN,NP,NP,NP,NN,,,,,,,,,,,,,,,,
NNS,NP,PP,NP,S,VP,VP,PP,NP,NNS,,,,,,,,,,,
NN,NP,NP,PP,NP,NN,,,,,,,,,,,,,,,
NNS,NP,NP,PP,NP,NN,,,,,,,,,,,,,,,
NNS,NP,S,S,VP,NP,NP,NNS,,,,,,,,,,,,,
NN,NP,NP,VP,PP,NP,NN,,,,,,,,,,,,,,
NN,NP,S,VP,NP,NP,NN,,,,,,,,,,,,,,
NN,NP,VP,PP,NP,NP,NNS,,,,,,,,,,,,,,
NN,NP,VP,PP,NP,NP,NNS,,,,,,,,,,,,,,
NN,NP,PP,VP,PP,S,VP,VBG,,,,,,,,,,,,,
NNS,NP,S,VP,NP,NP,NN,,,,,,,,,,,,,,
NN,NP,NNS,,,,,,,,,,,,,,,,,,
NNS,NP,NP,SBAR,S,VP,PP,NP,NN,,,,,,,,,,,,
NNS,NP,NP,VP,PP,NP,NP,NN,,,,,,,,,,,,,
NN,NP,S,VP,NP,NN,,,,,,,,,,,,,,,
NN,NP,NP,PP,NP,NN,,,,,,,,,,,,,,,
NNS,NP,PP,VP,S,SBAR,NP,PP,NP,S,VP,S,VP,VP,SBAR,S,VP,VP,PP,NP,NN
NNS,NP,S,VP,VP,PP,NP,NP,JJ,,,,,,,,,,,,
NN,NP,NP,VP,PP,NP,NN,,,,,,,,,,,,,,
NN,NP,S,VP,PP,NP,NN,,,,,,,,,,,,,,
NN,NP,NP,SBAR,S,VP,PP,NP,NN,,,,,,,,,,,,
NNP,NP,NP,S,VP,NP,NN,,,,,,,,,,,,,,
NN,NP,NP,S,VP,VP,PP,NP,NN,,,,,,,,,,,,
NNS,NP,S,S,NP,NNS,,,,,,,,,,,,,,,
NNS,NP,NP,SBAR,S,VP,NP,NN,,,,,,,,,,,,,
NNS,NP,NP,PP,NP,S,VP,NP,NP,NN,,,,,,,,,,,
NN,NP,PP,NP,VP,PP,NP,NN,,,,,,,,,,,,,
NN,NP,PP,NP,S,VP,PP,NP,NP,NNS,,,,,,,,,,,
NNS,NP,NP,PP,NP,NP,NNS,,,,,,,,,,,,,,
NN,NP,PP,NP,S,VP,PP,NP,NN,,,,,,,,,,,,
NN,NP,S,VP,VP,VP,PP,NP,NP,NN,,,,,,,,,,,
NN,NP,S,VP,NP,PP,NP,NP,NN,,,,,,,,,,,,
NN,NP,NP,VP,PP,NP,NN,,,,,,,,,,,,,,
NN,NP,S,VP,VP,PP,NP,NP,JJ,,,,,,,,,,,,
NNS,NP,NP,PP,NP,NN,,,,,,,,,,,,,,,
NN,NP,NP,SBAR,S,VP,PP,S,VP,VBG,,,,,,,,,,,
NNS,NP,NP,VP,PP,NP,NP,NN,,,,,,,,,,,,,
VBP,VP,PP,NP,NP,NN,,,,,,,,,,,,,,,
NN,NP,VP,PP,NP,NP,NNS,,,,,,,,,,,,,,
NN,NP,S,VP,VP,PP,NP,NP,NN,,,,,,,,,,,,
NN,NP,NP,S,VP,VP,VP,PP,NP,NP,NN,,,,,,,,,,
NN,NP,NP,VP,NP,NP,NN,,,,,,,,,,,,,,
NN,NP,S,VP,VP,PP,NP,NP,NN,,,,,,,,,,,,
NN,NP,NP,VP,PP,NP,NN,,,,,,,,,,,,,,
NN,NP,NP,PP,NP,NN,,,,,,,,,,,,,,,
NN,NP,NP,PP,NP,NN,,,,,,,,,,,,,,,
NNS,NP,NP,PP,NP,VP,S,SBAR,VP,ADJP,PP,NP,NN,,,,,,,,
NN,NP,PP,VP,PP,NP,NP,NN,,,,,,,,,,,,,
NN,NP,PP,NP,S,VP,PP,NP,NP,NN,,,,,,,,,,,
NNP,NP,S,VP,PP,NP,NN,,,,,,,,,,,,,,
NN,NP,S,VP,NP,NN,,,,,,,,,,,,,,,
NN,NP,S,VP,PP,NP,NP,NN,,,,,,,,,,,,,
NN,NP,NP,PP,NP,NN,,,,,,,,,,,,,,,
NN,NP,NP,PP,NP,NNS,,,,,,,,,,,,,,,
VBG,VP,PP,NP,NN,,,,,,,,,,,,,,,,
NN,NP,NP,PP,NP,NN,,,,,,,,,,,,,,,
NN,NP,PP,NP,S,VP,PP,NP,NN,,,,,,,,,,,,
NN,NP,S,VP,NP,NN,,,,,,,,,,,,,,,
NN,NP,S,VP,NP,NX,NX,NN,,,,,,,,,,,,,
NN,NP,S,VP,VP,PP,NP,NP,NN,,,,,,,,,,,,
JJ,NP,NP,VP,PP,NP,NN,,,,,,,,,,,,,,
NN,NP,PP,VP,PP,NP,NN,,,,,,,,,,,,,,
NN,NP,VP,PP,S,VP,VBG,,,,,,,,,,,,,,
NN,NP,NP,S,VP,NP,NN,,,,,,,,,,,,,,
NN,NP,VP,PP,NP,NN,,,,,,,,,,,,,,,
NN,NP,S,VP,PP,NP,NN,,,,,,,,,,,,,,
NNS,NP,S,VP,NP,NN,,,,,,,,,,,,,,,
NN,NP,S,VP,ADJP,PP,NP,NN,,,,,,,,,,,,,
NNS,NP,S,VP,PP,NP,NP,NN,,,,,,,,,,,,,
NNS,NP,NP,S,VP,NP,NN,,,,,,,,,,,,,,
NN,NP,S,VP,PP,NP,NN,,,,,,,,,,,,,,
NN,NP,S,VP,NP,NN,,,,,,,,,,,,,,,
NN,NP,VP,PP,NP,NNS,,,,,,,,,,,,,,,
VBG,VP,PP,NP,NP,NN,,,,,,,,,,,,,,,
NN,NP,VP,PP,NP,NP,NNS,,,,,,,,,,,,,,
NN,NP,NP,PP,NP,VBG,,,,,,,,,,,,,,,
NN,NP,S,VP,NP,NP,NN,,,,,,,,,,,,,,
NN,NP,S,VP,PP,NP,NN,,,,,,,,,,,,,,
NNS,NP,S,VP,NP,NNS,,,,,,,,,,,,,,,
NN,NP,NP,PP,NP,NN,,,,,,,,,,,,,,,
NN,NP,S,VP,PP,S,VP,VP,VBG,,,,,,,,,,,,
NN,NP,NP,PP,NP,NN,,,,,,,,,,,,,,,
JJ,NP,NP,VP,PP,NP,NP,NN,,,,,,,,,,,,,
NN,NP,VP,PP,NP,NN,,,,,,,,,,,,,,,
NNS,NP,S,VP,NP,NN,,,,,,,,,,,,,,,
NN,NP,NP,PP,NP,NP,NN,,,,,,,,,,,,,,
NN,NP,NP,PP,NP,NNS,,,,,,,,,,,,,,,
NN,NP,NP,S,VP,PP,NP,NN,,,,,,,,,,,,,
NN,NP,PP,NP,VP,PP,NP,VP,NP,NN,,,,,,,,,,,
NN,NP,NP,VP,PP,NP,NN,,,,,,,,,,,,,,
NN,NP,NP,PP,NP,NN,,,,,,,,,,,,,,,
NN,NP,S,VP,NP,JJ,,,,,,,,,,,,,,,
NN,NP,NP,PP,NP,NN,,,,,,,,,,,,,,,
NN,NP,NP,PP,NP,NN,,,,,,,,,,,,,,,
NNS,NP,VP,PP,NP,NP,NN,,,,,,,,,,,,,,
NN,NP,VP,PP,NP,NN,,,,,,,,,,,,,,,
NN,NP,S,VP,PP,NP,NP,NP,NN,,,,,,,,,,,,
NN,NP,NP,S,VP,PP,NP,NN,,,,,,,,,,,,,
NN,NP,PP,NP,VP,PP,S,VP,VBG,,,,,,,,,,,,
NN,NP,VP,PP,NP,NN,,,,,,,,,,,,,,,
NN,NP,PP,VP,PP,NP,NN,,,,,,,,,,,,,,
NN,NP,VP,PP,NP,NN,,,,,,,,,,,,,,,
NN,NP,S,VP,PP,NP,NNS,,,,,,,,,,,,,,
NN,NP,S,VP,VP,PP,NP,NN,,,,,,,,,,,,,
NN,NP,S,VP,NP,NN,,,,,,,,,,,,,,,
NN,NP,NP,PP,NP,NP,NN,,,,,,,,,,,,,,
NN,NP,VP,PP,NP,NN,,,,,,,,,,,,,,,
NN,NP,VP,PP,NP,NP,NN,,,,,,,,,,,,,,
NNS,NP,VP,PP,S,VP,VBG,,,,,,,,,,,,,,
VBG,VP,PP,NP,NN,,,,,,,,,,,,,,,,
NN,NP,VP,PP,NP,NN,,,,,,,,,,,,,,,
NNS,NP,VP,PP,S,VP,VBG,,,,,,,,,,,,,,
NN,NP,VP,PP,NP,NN,,,,,,,,,,,,,,,
NNS,NP,S,VP,NP,NNS,,,,,,,,,,,,,,,
NN,NP,NN,,,,,,,,,,,,,,,,,,
NN,NP,S,VP,NP,NN,,,,,,,,,,,,,,,
NN,NP,NP,PP,NP,NN,,,,,,,,,,,,,,,
NN,NP,VP,PP,NP,NN,,,,,,,,,,,,,,,
NN,NP,S,VP,PP,NP,NNS,,,,,,,,,,,,,,
NN,NP,NP,PP,NP,PP,VP,PP,NP,NN,,,,,,,,,,,
NNS,NP,S,VP,VP,PP,S,VP,VBG,,,,,,,,,,,,
NN,NP,PP,VP,PP,NP,NN,,,,,,,,,,,,,,
NN,NP,VP,PP,NP,NN,,,,,,,,,,,,,,,
NN,NP,PP,VP,PP,S,VP,VBG,,,,,,,,,,,,,
NN,NP,VP,PP,NP,NP,NN,,,,,,,,,,,,,,
NN,NP,PP,NP,VP,PP,NP,NN,,,,,,,,,,,,,
NN,NP,S,VP,NP,NP,NN,,,,,,,,,,,,,,
NN,NP,S,VP,NP,NN,,,,,,,,,,,,,,,
NN,NP,S,VP,NP,NP,NN,,,,,,,,,,,,,,
NN,NP,PP,NP,VP,PP,NP,NN,,,,,,,,,,,,,
NN,NP,S,VP,VP,PP,NP,NP,NN,,,,,,,,,,,,
NN,NP,S,VP,NP,NP,NN,,,,,,,,,,,,,,
NN,NP,NP,PP,NP,NP,NNS,,,,,,,,,,,,,,
NN,NP,VP,PP,NP,NN,,,,,,,,,,,,,,,
NNS,NP,PP,NP,PP,NP,VP,PP,NP,NN,,,,,,,,,,,
NN,NP,S,VP,PP,NP,NP,NN,,,,,,,,,,,,,
NN,NP,PP,VP,PP,NP,NP,NN,,,,,,,,,,,,,
NN,NP,S,VP,NP,NP,NN,,,,,,,,,,,,,,
NN,NP,NP,VP,NP,NN,,,,,,,,,,,,,,,
NN,NP,NP,PP,NP,NN,,,,,,,,,,,,,,,
NNS,NP,S,VP,PP,NP,NN,,,,,,,,,,,,,,
NN,NP,NP,PP,VP,PP,NP,NNS,,,,,,,,,,,,,
NN,NP,NP,PP,NP,S,VP,PP,NP,NN,,,,,,,,,,,
NN,NP,PP,NP,PP,VP,PP,NP,NNS,,,,,,,,,,,,
NN,NP,NP,PP,NP,NP,NNS,,,,,,,,,,,,,,
NN,NP,PP,NP,S,VP,NP,NP,NN,,,,,,,,,,,,
NN,NP,S,VP,NP,NN,,,,,,,,,,,,,,,
NN,NP,NP,PP,NP,PP,NP,NNS,,,,,,,,,,,,,
NN,NP,S,VP,PP,NP,NP,NNS,,,,,,,,,,,,,
NN,NP,PP,VP,PP,NP,NNS,,,,,,,,,,,,,,
NN,NP,S,VP,PP,NP,NP,NNS,,,,,,,,,,,,,
NN,NP,PP,VP,PP,NP,NP,NN,,,,,,,,,,,,,
NNS,NP,VP,PP,NP,NP,NN,,,,,,,,,,,,,,
NN,NP,NP,PP,NP,NN,,,,,,,,,,,,,,,
NN,NP,S,VP,NP,NNS,,,,,,,,,,,,,,,
NN,NP,S,VP,NP,NN,,,,,,,,,,,,,,,
NN,NP,S,VP,PP,NP,NP,NN,,,,,,,,,,,,,
NN,NP,S,VP,NP,NP,NN,,,,,,,,,,,,,,
NN,NP,NP,PP,NP,NN,,,,,,,,,,,,,,,
NN,NP,NP,PP,NP,NP,NNS,,,,,,,,,,,,,,
NN,NP,NP,PP,NP,NN,,,,,,,,,,,,,,,
NN,NP,S,VP,ADJP,PP,NP,NP,NN,,,,,,,,,,,,
NN,NP,S,VP,VP,PP,NP,NP,NNS,,,,,,,,,,,,
NN,NP,NN,,,,,,,,,,,,,,,,,,
NN,NP,NP,VP,PP,NP,JJ,,,,,,,,,,,,,,
NN,NP,NP,PP,NP,NP,NN,,,,,,,,,,,,,,
NN,NP,NP,S,VP,SBAR,S,VP,PP,NP,NN,,,,,,,,,,
NNS,NP,VP,PP,NP,NP,NN,,,,,,,,,,,,,,
NN,NP,NP,S,VP,ADJP,PP,NP,NN,,,,,,,,,,,,
NN,NP,PP,NP,PP,VP,PP,S,VP,VBG,,,,,,,,,,,
NN,NP,NNS,,,,,,,,,,,,,,,,,,
NN,NP,S,VP,VP,NP,NP,NN,,,,,,,,,,,,,
VBP,VP,VP,NP,NP,NN,,,,,,,,,,,,,,,
NN,NP,NP,PP,NP,NP,NN,,,,,,,,,,,,,,
NNS,NP,NP,PP,NP,NN,,,,,,,,,,,,,,,
NN,NP,NP,PP,NP,NN,,,,,,,,,,,,,,,
NN,NP,S,VP,ADVP,NP,NNS,,,,,,,,,,,,,,
NNS,NP,NP,PP,NP,NNS,,,,,,,,,,,,,,,
NN,NP,NP,PP,NP,NN,,,,,,,,,,,,,,,
NN,NP,S,VP,PP,NP,NP,NN,,,,,,,,,,,,,
NN,NP,NP,PP,NP,NN,,,,,,,,,,,,,,,
NN,NP,S,S,S,VP,S,VP,VP,PP,NP,NN,,,,,,,,,
NN,NP,S,VP,NP,NN,,,,,,,,,,,,,,,
NN,NP,VP,PP,S,VP,VBG,,,,,,,,,,,,,,
NN,NP,NP,PP,NP,NN,,,,,,,,,,,,,,,
NN,NP,S,VP,NP,NNS,,,,,,,,,,,,,,,
NN,NP,S,VP,PP,NP,NN,,,,,,,,,,,,,,
NN,NP,VP,PP,S,VP,VBG,,,,,,,,,,,,,,
NN,NP,NP,FRAG,PP,S,VP,VBG,,,,,,,,,,,,,
NN,NP,NP,PP,NP,VP,PP,NP,NNS,,,,,,,,,,,,
NN,NP,PP,ADJP,NP,VP,PP,NP,NNS,,,,,,,,,,,,
NN,NP,PP,NP,VP,S,NP,NP,NN,,,,,,,,,,,,
NN,NP,NP,S,VP,NP,NN,,,,,,,,,,,,,,
NN,NP,VP,PP,NP,NNS,,,,,,,,,,,,,,,
NN,NP,S,VP,NP,NP,JJ,,,,,,,,,,,,,,
VBG,NP,NP,PP,NP,NN,,,,,,,,,,,,,,,
NN,NP,VP,PP,NP,NN,,,,,,,,,,,,,,,
NN,NP,NP,PP,NP,PP,VBG,,,,,,,,,,,,,,
NN,NP,S,VP,NP,NN,,,,,,,,,,,,,,,
NN,NP,VP,PP,NP,NP,NN,,,,,,,,,,,,,,
NN,NP,S,VP,VP,PP,NP,NN,,,,,,,,,,,,,
